{
	"Dashboard":
	{
		"Metrics Tree" : "//div[@ptooltip ='Metrics Tree']/button/span[1]",
		"Channel" : "//span[text() ='Channel']",
		"Country" : "//span[text() ='Country']",
    "Overall" : "//span[text() ='Overall']"
	},

	"Channel" : 
	{
		"MetricGroups" : "//span[text() ='MetricGroups']",
		"Subjects" : "(//span[text() ='Subjects'])[2]"
	},

	"MetricGroups" :
	{
    "SessionStats" : "//span[text() ='SessionStats']",
		"PageStats" :  "//span[text() ='PageStats']",
		"HTTP Request" : "//span[text() ='HTTP Request Overall']" ,
		"HTTP Error" : "//span[text() ='HTTP Error Overall']",
    "Visitor" : "//span[contains(text(),'Visitor stats')]",
    "custom" : "//span[@title='CM_SAorderid']",
    "custom Double" : "//span[@title='CM_SAprice']"
	},
	"Subjects" :
	{
		"AccessType" : "//span[text()='AccessType']",
		"Browser" : "//span[text()='Browser']",
		"BusinessProcess" : "//span[text()='BusinessProcess']",
		"Country" :  "//span[text()='Country']" ,
		"DeviceType" : "//span[text()='DeviceType']",
		"Domain" : "//span[text()='Domain']",
		"Event" : "//span[text()='Event']",
		"OperatingSystem" : "//span[text()='OperatingSystem']",
		"Page" : "//span[text()='Page']",
		"Screensize" : "//span[text()='ScreenSize']",
		"Segment" : "//span[text()='Segment']",
		"Transactiongroup" : "//span[text()='TransactionGroup']",
		"View" : "//span[text()='View']",
		"XHR" : "//span[text()='XHR']"

	},
  "AccessType" :
  {
    "SessionStats" : "//span[text() ='SessionStats By Access Type']",
    "PageStats" :  "//span[text() ='PageStats By Access Type']",
    "ariaexpanded" : "//span[@title='dsl']//ancestor::span//parent::div[@tabindex='0']"
  },
  "XHR" :
  {
    "HTTPError" : "//span[text() ='HTTP Error by XHR Group']",
    "HTTPRequest" :  "//span[text() ='HTTP Request By XHR Group']",
    "ariaexpanded" : "//span[@title='Overall']//ancestor::span//parent::div[@tabindex='0']",
    "Name" : "//span[@title='Overall']"
  },
  "View" :
  {
    "HTTPError" : "//span[text() ='HTTP Error by View']",
    "HTTPRequest" :  "//span[text() ='HTTP Request By View']",
    "ariaexpanded" : "//span[@title='SampleCheckout']//ancestor::span//parent::div[@tabindex='0']",
    "Name" : "//span[@title='SampleCheckout']"
  },
  "Screensize" :
  {
    "SessionStats" : "//span[text() ='SessionStats By Screen Size']",
    "PageStats" :  "//span[text() ='PageStats By Screen Size']",
    "ariaexpanded" : "//span[@title='800x600']//ancestor::span//parent::div[@tabindex='0']",
    "Name" : "//span[@title='800x600']"
  },
  "Browser" :
  {
    "SessionStats" : "//span[text() ='SessionStats By Browser']",
    "PageStats" :  "//span[text() ='PageStats By Browser']",
    "HTTPerror" : "//span[text() ='HTTP Error by Browser']",
    "HTTPreq" :  "//span[text() ='HTTP Request By Browser']",
    "ariaexpanded" : "//span[@title='Chrome']//ancestor::span//parent::div[@tabindex='0']"
  },
  "Domain" :
  {
    "HTTPerror" : "//span[text()='HTTP Error by Domain']",
    "HTTPreq" :  "//span[text()='HTTP Request By Domain']",
    "ariaexpanded" : "//span[@title='10.10.70.107:9001']//ancestor::span//parent::div[@tabindex='0']",
    "Name" : "//span[@title='10.10.70.107:9001']",
    "Resbydomain" : "//span[text()='Resource By Domain']",
    "pagename" : "//span[@title='SampleCheckout']//ancestor::span//parent::div[@tabindex='0']",
    "Page" : "//span[@title='SampleCheckout']",
    "PageNameHome" : "//span[@title='SampleCart']//ancestor::span//parent::div[@tabindex='0']",
    "PageHome" : "//span[@title='SampleCart']"
  },
  "Page" :
  {
    "PageStats" :  "//span[text() ='PageStats By Page']",
    "RSCP" : "//span[text() ='Revenue Stats by Containing Pages']",
    "EventStats" :  "//span[text() ='Event Stats By Page']",
    "RSCPE" : "//span[text() ='Revenue Stats by Containing Pages and Events']",
    "ariaexpanded" : "//span[@title='SampleHome']//ancestor::span//parent::div[@tabindex='0']",
    "Name" : "//span[@title='SampleHome']"
  },
  "DeviceType" :
  {
    "SessionStats" : "//span[text() ='SessionStats By DeviceType']",
    "PageStats" :  "//span[text() ='PageStats By DeviceType']",
    "ariaexpanded" : "//span[@title='PC']//ancestor::span//parent::div[@tabindex='0']",
    "Name" : "//span[@title='PC']"
  },
  "Event" :
  {
    "Eventname" : "//span[@title='ClickEvent']",
    "ariaexpanded" :  "//span[@title='ClickEvent']//ancestor::span//parent::div[@tabindex='0']",
    "Browser_ariaexpanded" :  "//span[@title='Chrome']//ancestor::span//parent::div[@tabindex='0']",
    "Browsername" : "//span[@title='Chrome']"
  },
  "Country" :
  {
    "SessionStats" : "//span[text() ='SessionStats By Location']",
    "PageStats" :  "//span[text() ='PageStats By Location']",
    "HTTPerror" : "//span[text() ='HTTP Error by Location']",
    "HTTPreq" :  "//span[text() ='HTTP Request By Location']",
    "ariaexpanded" : "//span[@title='India']//ancestor::span//parent::div[@tabindex='0']",
    "Name" : "//span[@title='India']",
    "stateariaexpanded" : "//span[@title='India']//ancestor::span//parent::div[@tabindex='0']",
    "stateName" : "//span[@title='India']",
    "storeariaexpanded" : "//span[@title='USA']//ancestor::span//parent::div[@tabindex='0']",
    "CountryName" : "//span[@title='USA']"
  },
  "OperatingSystem" :
  {
    "SessionStats" : "//span[text() ='SessionStats By Operating System']",
    "PageStats" :  "//span[text() ='PageStats By Operating System']",
    "ariaexpanded" : "//span[@title='Windows']//ancestor::span//parent::div[@tabindex='0']",
    "Name" : "//span[@title='Windows']"
  },
  "BusinessProcess" :
  {
    "ariaexpanded" : "//span[@title='Automation']//ancestor::span//parent::div[@tabindex='0']",
    "Name" : "//span[@title='Automation']",
    "exit_ariaexpanded" : "//span[@title='SampleCheckout']//ancestor::span//parent::div[@tabindex='0']",
    "exit_page_Name" : "//span[@title='SampleCheckout']",
    "event_ariaexpanded" : "//span[@title='Event']//ancestor::span//parent::div[@tabindex='0']",
    "event_Name" : "//span[@title='Event']"
  },
  "Segment" :
  {
    "SessionStats" : "//span[text() ='User Segment SessionStats']",
    "PageStats" :  "//span[text() ='User Segment PageStats']",
    "ariaexpanded" : "//span[@title='mosaic']//ancestor::span//parent::div[@tabindex='0']",
    "Name" : "//span[@title='mosaic']"
  }
}

		
